bpred754,af09318f-7298-4fd1-84e7-3dd473558c06
chuckinallen,a48502aa-5bfa-46ef-a534-2fa68ef773c4
steelydan13,574a27cc-9bc3-4a72-9b66-c1b9c4190ecf
edcode_09,7e3e2f9d-bd0c-4758-a508-2769fb7e9ce8
mustyriver,a1d85264-d223-416d-86e6-df4d7da2d171
reapentance,16f0ff8f-b8d4-422d-9ae1-1899f53e349d
demon_msr,4568ab52-123d-40f9-9280-fcfc2e97f27b
omegaunicorn,a167e640-a6b0-44ae-9586-d7248e44b3fe
volumn,039d7c00-0f9d-465f-990b-c215245a1758
arhumispro,c0ef0828-48b9-4338-9d75-a8a0b125fa86
usualspace,78557c7f-70b6-4b38-b92f-86339a09cd28
kittytechie,6788c282-9111-4963-b9a9-491fb5b5ac30
therealopeneyes,f5f2c49b-165b-4c3b-8b22-1a3839e1978e
seesta,3f31d642-801d-4789-b2b1-c2f27165fe07
titimaiden,73799260-5d78-4867-a9c0-8202df2fc49d
ahsia32,7a1f8438-dae5-478f-8b72-c6ea97922a01
stevodasher101,4fe670a0-5f2a-4b99-8265-ab474eaef613
tezaricious,6f000f2d-9800-475e-81bb-9c0bc801a367
cutesailor2,4f83c1a3-13ed-47f3-97ce-104cc235d3aa
nodetrash,4ab5cd07-9ab9-44f7-85ac-23142e7d6cb0
philbobaggan1,3d125f8f-0907-4a4f-878d-eae3f94e037e
googleh0me,790eb4a0-394c-4ea6-8a0b-c1e9952a5c9d
venomousviper,456c20d6-26d5-4709-80b5-40bf9307bf4c
bario1,bb2194ba-acd0-4423-8410-b62c70d63d70
supastav,115186dc-695b-4a82-bbc0-9f12a76b0e2f
alearm,adf999ab-1d71-4017-b648-5e281b63f1e2
magictunneler,aa9af991-7753-447e-ba06-fb4b9394f28a
justapiccplayer,83dd3373-5e10-4ceb-afb2-8e3300b7d2ca
d3vast8r,f01e9f13-ac71-4b0c-9bb4-eade865d9f15
sticksminecraft,a816e419-8524-46de-8589-06b584bca6a4
supersilly12356,b1c123e7-4526-4f95-99e5-ee9b6a4d79f6
electrocrab,4cf6c1db-dd07-4a97-9cfe-cac87af74409
komotosekomo,966918aa-90d9-4c49-836f-f30c951fe642
luizzzzz,8c8e1bf3-f32e-430c-bb5f-95cac05127dd
loier3600,6fde25c6-c9e1-49c6-9813-18cc923619e7
lukie_luke,bd18ce9d-0ed0-4d80-9054-4a8e01e8ac5b
jurth,0594e18c-76e5-4b5c-8099-60a7b5164550
sirpineappleiii,4f825657-23f5-4002-bbe6-c78a56a2c7e1
dvatheshiba,83153b0d-7c7a-45b2-953d-ea09a6f91e7f
hiki8744,ed6b1b80-d073-4892-b931-f6b362043e3e
coolas_afish,7b0b37bc-f7b2-4db5-b2f3-b45c2cdfa5cc
queentissential,901c84fa-7932-4fc9-a674-5ee7b3630820
sunking64,d52fa7d2-0afc-4cc7-b405-666cdad8e8e7
blacksword99,9cc8d3c0-d413-49f6-a08c-d71997d757c8
lovecakess,501b2efd-d699-422e-8f22-a514ba4e6925
zeztyzed,6d47626b-8dc6-47d9-88cd-19b82f64dd75
helikaon00,6e22e7ae-4eaf-4ee4-945a-13ec1b08caa7
emilijja,5be77279-8afc-486a-b4b2-8063ded72d6a
original_auburn,501b2efd-d699-422e-8f22-a514ba4e6925
zorro909,f6969bf4-5e36-4e07-b7dd-d084adf453fb
guillermos_,1ca85d27-5d88-411a-a99e-7ac166bb77e5
rafthelegend786,c611224c-789f-4529-bd51-f30401a1fec4
kavcat,102aae15-4709-46af-9eea-8480c22f4fb5
skylerkid,8a9308f5-6728-4505-b1c8-26904c2a2a35
vuosmos,17ecb863-e60c-4032-9d86-7448b60445ba
hextanium,6fde1822-efd5-43c0-af07-833e73943f51
uus_,2aca3e4a-61bf-427b-acb4-4b4060035350
shayeveryday,6a522181-bc5b-43f6-bc55-f1c524a8ab54
egore1995,2df7338f-202b-49ac-8da1-f6d992a255de
mrpatro25,aa7d21c0-01c1-42d4-8eb7-d7a82e563917
_blanketc,9b8fafa8-85c5-4a48-879b-28ea4f1b69bc
darksou155,10f92672-847c-423c-8f7f-fb0707d4b671
annibunani,b4165b5a-9032-4212-8c44-73460279605b
avad21,7c644519-0fe9-4495-b682-a3e18eead2a7
_fauldsy_,338ec988-e3c2-44e7-9438-bc6bf0e36a39
abduscan_,b1e4210c-baa4-42af-a6b0-1cca787b4679
dorasaurus,b5a67222-dd2b-4b49-9b69-c26acf8d5173
colli_x3,45f668f4-d2db-42bc-934b-d4517fdefae0
marsboy18,a816e419-8524-46de-8589-06b584bca6a4
superstavgamer,115186dc-695b-4a82-bbc0-9f12a76b0e2f
groak,0efee180-d131-45e4-a043-4390ea0b1ed3
kay_car,b5a67222-dd2b-4b49-9b69-c26acf8d5173
gnocchingbird,c3f4f579-19c2-4f8d-9550-671e222eddf2
pyxld_kris,3cb018d0-aa67-4171-98c4-46c87157d1bc
lordoflightning,5d3e5b86-1ac4-48be-8758-993318371d33
king_coding,a66c5976-d9d3-4224-9a5b-705e1b210622
vokonmusic,039d7c00-0f9d-465f-990b-c215245a1758
kamil_luczak00,78c5ff56-966f-4644-876e-1f202eafe46b
iprobber,21d8a3bb-6d66-4ab8-8776-ac0d6b7d8f25
knight_sparrow,37a4a22f-9dae-4a20-a575-1fc8f1260926
koatheraiser,c2c361ca-05bc-4a08-b4ee-7e337dbecde2
quasarium,c1e1cf21-adb8-406f-8020-dc2eb2828abc
saltties,4ed4290a-161b-4629-9f07-826d5c4ced20
